library,D,t,lnZ,lnZstd,dlnZ
NestedSamplers.jl,2,0.201037605,-3.776611302476892,0.1259604503086115,-0.017504365417135404
NestedSamplers.jl,4,0.954831354,-6.23589557023661,0.1343478011972437,-0.0479823026066013
NestedSamplers.jl,8,4.369661922,-10.752241751423023,0.13698920791533648,-0.30147726806177566
NestedSamplers.jl,16,28.311188809,-18.63596853727137,0.1415574543503746,-0.20374855110722478
NestedSamplers.jl,32,249.568858136,-34.867406263641186,0.1436942445755534,-0.945950012269023
