library,D,t,lnZ,lnZstd,dlnZ
NestedSamplers.jl,2,0.129553849,-3.7464515508498475,0.1241802259632353,0.012655386209909025
NestedSamplers.jl,4,0.95785889,-6.233094208166701,0.1334147665362398,0.045180940536692304
NestedSamplers.jl,8,4.539512133,-10.575110892409716,0.13712909419237015,0.12434640904846894
NestedSamplers.jl,16,17.816551031,-18.752425012323915,0.13595239531892792,0.3202050261597691
NestedSamplers.jl,32,150.735562133,-34.75372182270856,0.14125000020140985,0.8322655713364
